﻿item_code;item_name;qty;harga
AKAC.120.120;TERMINATION 20 kV - 120 mm2-  INDOOR;10.000; 2209700.00 
AKAC.220.035;TERMINATION 20 kV -   35 mm2 - OUTDOOR;170.000; 2026045.63 
AKAH.001.060;POST INSULATOR   1kV 60mm - Internal;400.000; 143822.82 
AKAH.006.090;POST INSULATOR   6kV 90mm (Indoor);20.000; 60000.00 
AKAH.015.130;POST INSULATOR 15kV 130mm (Indoor);80.000; 90288.00 
AKAH.036.360;POST INSULATOR 36kV 360mm Indoor (955mm Creepage);10.000; 622346.34 
AKAH.040.380;POST INSULATOR 40.5kV 380mm Indoor (1110mm Creepage)-HOSUM ZJ-40.5-135X380;320.000; 539843.32 
AKAH.160.060;POST INSULATOR 1kV Dia 60 X 60 - Internal;80.000; 30494.09 
AKBR.002.007;BREATHER, Self Dehydrating Comem SDB -10/eSDBXS ( 1ZBG000030-ESDB ) OLTC;60.000; 39350467.75 
AKBR.002.009;BREATHER, Self Dehydrating Comem SDB -15/eSDBM (1ZBG000064-ESDB ) Tank;70.000; 54520876.31 
AKBR.002.107;BREATHER, Self Dehydrating Comem SDB -10 ( 1ZBG000030-ESDB ) OLTC;20.000; 33568813.50 
AKBR.002.109;BREATHER, Self Dehydrating Comem SDB -15 (1ZBG000064-ESDB ) Tank;10.000; 48556549.87 
AKBR.003.003;(TLG GANTI) BREATHER Large (L=685 D=175 FL=150 SIL=5) VEP 49;60.000; 3620504.61 
AKBR.003.005;BREATHER Large (L=425, D=176, FL=115  PCD=85, THREAD=M12-4, SIL=5Kg) AM.SBF.001, HEBEI ANMEI;60.000; 538735.48 
AKBR.004.002;(TLG GANTI) BREATHER Medium (L=250 D=105 FL=G1/2 SIL=0.5) VE05;50.000; 1221686.82 
AKBR.004.004;BREATHER Small (L=200, D=96, FL PCD=60, THREAD=M8-3, SIL=0,5Kg) AM.SBB.101, HEBEI ANMEI;50.000; 260240.01 
AKBR.900.001;SILICAGEL;320.000; 53461.07 
AKBR.900.002;SILICAGEL POWER DRY FOR CONTAINER;1.550.000; 47000.00 
AKBR.900.003;SILICAGEL - MTRAB;140.000; 759808.46 
AKBR.900.004;SILICAGEL - 0.25kg for packing;1.970.000; 13750.00 
AKBR.900.005;SILICAGEL - 2x200gr for packing LS Project;1.180.000; 29287.80 
AKBR.900.006;PURACARB;50.000; 619324.00 
AKBR.900.007;SILICAGEL - 1x200gr for packing LS Project;420.000; 14297.14 
AKBR.900.008;SILICAGEL - 1x500gr for packing (lokal);940.000; 40000.00 
AKBS.024.063;HV BUSHING PLUG IN TYPE 24 KV 630A;10.000; 538884.00 
AKBZ.001.023;BUCHHOLZ RELAY CEDASPE (DIA 80 PCD160 4 holes M16 contacts 2 NO) EB079;270.000; 4496268.55 
AKBZ.001.025;BUCHHOLZ RELAY CEDASPE (DIA 80 PCD160 4 holes M16 contacts type L 2 COC) EB079;40.000; 6767250.00 
AKBZ.002.022;BUCHHOLZ RELAY EMB Type 08 (BF 50/10) IP56 RAL7035;10.000; 7413510.00 
AKBZ.002.024;BUCHHOLZ RELAY EMB Type 09 (BF 80/10) IP66 RAL7032 Type code: 09-1.28.39.49.-0311 Dwg. Nr. 616.090516;20.000; 6659250.00 
AKBZ.003.001;"BUCHHOLZ RELAY COMEM (BR 80) IP66 RAL7032, Diagram type ""L""";10.000; 9154105.50 
AKBZ.004.001;BUCHHOLZ RELAY TAIJIN (DIA 80, 195,  160, 4-M16, W/ CONTACT 2NO) SINGLE FLOAT IP 66 w/ Valve for GRD.;30.000; 6176712.38 
AKBZ.800.001;GAS RELEASE DEVICE  TAIJIN-TJD0604;90.000; 2195515.71 
AKBZ.900.001;GAS DRAINING DEVICE RG 3.3-PF AB9DPG0171;290.000; 1953071.06 
AKCB.050.008;COPPER TUBE OD 8 mm ID 6 mm x roll 15m;350.000; 48428.34 
AKCN.000.072;"Connector assembly CON-630-6 (72"") for RRR 910 & RRR 900";10.000; 1930505.00 
AKCN.224.035;CONNECTOR STRAIGHT   35 SQMM 24kV 250A BIMETAL Cable Ins 19.8mm (Range 19.6 - 24.1 mm);30.000; 340268.51 
AKCN.224.095;CONNECTOR STRAIGHT   95 SQMM 24kV 250A BIMETAL Cable Ins 24.3mm (Range 23.1 - 28.7 mm);30.000; 356837.27 
AKCN.324.120;CONNECTOR STRAIGHT 120 SQMM 24kV 250A CU CABLE Cable Ins 25.7mm (Range 23.1 - 28.7 mm);30.000; 368981.29 
AKCP.006.001;Terminal Box – 6 terminals – 1 outlets M20 T9001 (Dwg TJD-9036);320.000; 1612462.75 
AKCP.012.006;Terminal Box – 12 terminals – 6 outlets PG16 (Dwg No 19 AS 12 6S PA AL);380.000; 2781028.13 
AKCP.100.002;CORE GROUNDING TERMINAL type SM2-S-CGT, CEDASPE;40.000; 4475575.00 
AKCP.100.005;TERMINAL POLE CT   5 outlets PG16 OR ISO 20;10.000; 1137917.23 
AKCP.100.006;TERMINAL POLE CT   6 outlets SM2-S (TB106S4200) Cedaspe;60.000; 2992804.47 
AKCP.100.012;TERMINAL POLE CT 12 outlets SM2-S (TB112S4200) Cedaspe;930.000; 3824118.34 
AKCT.360.030;CT OUTDOOR Trafindo 50Hz 36kV 300/1A 20VA PX Ek = 400V, Rct =5 Ohm 31.5kA/3s;10.000; 12550000.00 
AKFL.001.026;"Flange DN25 - Pipe 0.5"" - SS";10.000; 275000.00 
AKFL.101.106;"Tank Wall Plate: 6 feedthrough holes, stainless steel, 12"", JBox mount (TWP-06-M1-D12-F2-J1) NEOPTIX";10.000; 9984000.00 
AKFL.101.108;"TANK WALL PLATE 8 feedthrough holes, stainless steel, 12"", JBox mount (TWP-08-M1-D12-F2-J1) NEOPTIX";40.000; 9833776.66 
AKFL.200.001;FLANGE OLTC Jumper (MR type VV);20.000; 295000.00 
AKFL.200.002;FLANGE OLTC Jumper (MR type VVS);300.000; 295000.00 
AKFL.200.003;FLANGE OLTC Jumper (MR type VM,VR,M,MS,R);20.000; 295000.00 
AKFL.200.004;FLANGE OLTC Jumper (MR type V);30.000; 295000.00 
AKFL.206.001;FLANGE ADDAPTER DN25 12t - SS;460.000; 255000.00 
AKFL.206.003;"FLANGE ADAPTER OPRD THREAD 2"" TO FLANGE (OD165,ID81,PCD125/18-4)";10.000; 175000.00 
AKFL.900.088;FLANGE OCTC DIAMETER 88 mm;40.000; 75000.00 
AKFN.026.103;"FAN | 50 Hz | 1 ph | 200 V | 3970 cfm | 26"" | 49 dB(A) | 710 rpm | kW | F26X-A14612 KRENZ";20.000; 13922419.11 
AKFN.063.301;"FAN | 50/60 Hz | D/Y | 400/460 V | [50 Hz-400 V 15600/13800 m3/h]; [60 Hz-400 V 17900/14200 m3/h]; [60 Hz-460 V 18450/15450 m3/h] | 630 mm | [50 Hz-400 V 88/85 dB(A)]; [60 Hz-400 V 93/86 dB(A)]; [60 Hz-460 V 94/83 dB(A)] | [50 Hz-400 V 1400/1210]; [6";20.000; 20338961.52 
AKFN.066.301;FAN | 50Hz | 3ph | 380V | 12572m3/h | 665mm | 74dB(A) | 1450 | 0.23kW | TAIJIN T2106-5235I;40.000; 8673600.00 
AKFN.066.303;FAN | 60Hz | 1ph | 230V | 15100m3/h | 665mm | 77dB(A) | 1740 | 0.39kW | TAIJIN T2106-5303U_G02_R01_IP66;70.000; 13344000.00 
AKFN.066.306;FAN | 50Hz | 3ph | 415V | 12600m3/h | 665mm | 77dB(A) | 1450 | 0.23kW | TAIJIN T2106-5235J;40.000; 8441160.00 
AKFN.080.302;FAN | 50/60Hz | 3ph | 400V | 50/60Hz-25000m3/h | 800mm | 50/60Hz-1100 | 50/60Hz-2500W] | ZA FN080-ZIL.GL.A7P3 Art# 187393/40C3 - EC ZIEHL;640.000; 19049924.64 
AKFN.091.302;FAN | 50 Hz | D/Y | 400 V | 21600/17500 m3/h | 910 mm | 82/77 dB(A) | 850/640 | 1.85/1.05 kW | ZN091-ADL.6N.V7P2 ZIEHL;70.000; 156483495.00 
AKFN.125.301;"FAN | 50/60 Hz | D/Y | 400/460 V | [50 Hz-400 V 35280/28800 m3/h]; [60 Hz-400 V 38880/27360 m3/h]; [60 Hz-460 V 41040/30600 m3/h] | 1250 mm | [50 Hz-400 V 74/69 dB(A)]; [60 Hz-400 V 77/68 dB(A)]; [60 Hz-460 V 78/70 dB(A)] | [50 Hz-400 V 440/340]; [60";10.000; 32500650.00 
AKFN.960.003;FAN GUARD GRILLE for pressure side 500 mm - Ziehl Abegg;20.000; 1230720.00 
AKHS.010.010;HEAT SHRINK   10mm 20kV TEBAL 0.7 MM - Cast Resin;260.000; 210000.00 
AKHS.012.050;HEAT SHRINK   50mm 1kV WARNA BIRU;0.5000; 21441.44 
AKHS.013.020;HEAT SHRINK   20mm 1kV WARNA KUNING;650.000; 7477.48 
AKHS.013.080;HEAT SHRINK   80mm 1kV WARNA KUNING;120.000; 35675.68 
AKHS.014.080;HEAT SHRINK   80mm 1kV WARNA MERAH;120.000; 35675.68 
AKHS.015.008;HEAT SHRINK     8mm 1kV WARNA HITAM - CPTP;470.000; 9562.68 
AKHS.015.050;HEAT SHRINK   50mm 1kV WARNA HITAM;250.000; 27039.64 
AKHS.204.085;HEAT SHRINK 85mm 20kV WARNA MERAH;80.000; 133534.23 
AKHS.204.150;HEAT SHRINK 80-150mm 20kV WARNA MERAH;100.000; 1560000.00 
AKIM.003.001;IMPACT INDICATOR   3G - OMNI-G Impactograph 2000-003G;20.000; 567888.10 
AKIM.005.001;IMPACT INDICATOR   5G - OMNI-G Impactograph 2000-005G;20.000; 551884.06 
AKIM.005.021;IMPACT INDICATOR   5G - TRANS-MONITOR 5G;100.000; 172096.91 
AKIM.016.050;MLog - IM50 Transport Monitor Art. MLOG-050016NNN00000000;320.000; 11612828.05 
AKIM.018.001;MONILOG® MicroShockDetector, measuring range shock ±8g, 1 x USB;20.000; 11383460.00 
AKMC.309.220;CONTACTOR LC1D09M7 3NO + Aux 1NO 1NC 9 A 220 VAC;40.000; 227881.28 
AKMC.312.005;CONTACTOR LC1D12FD 3NO + Aux 1NO 1NC 12A 110VDC;140.000; 671746.28 
AKMK.014.282;MARSHALLING KIOSK H1200 x W800 x D425 c/w accessories PX-282-AA3G;10.000; 116649332.10 
AKMK.014.296;MARSHALLING KIOSK H1200 x W800 x D425 c/w accessories + PX-296-AA3B;10.000; 130174906.50 
AKMK.023.245;MARSHALLING KIOSK H800 x W700 x D425 c/w accessories PX-245;20.000; 75957278.40 
AKMK.023.303;MARSHALLING KIOSK H800 x W700 x D425 c/w accessories PX-303;10.000; 78207278.40 
AKOL.028.052;"OIL LEVEL GAUGE 4"" AXIAL W/ CONTACT MESSKO (MIN+30-MAX ,D=102, M10-4, MTO-STF160G) + PX-052-JCBB";10.000; 8885779.00 
AKOL.029.000;"OIL LEVEL GAUGE 4"" AXIAL W/ CONTACT MESSKO (MIN+30-MAX, D=102, M10-4, MTO-643S, IP55) w/ Analog Output 4-20mA MTO-2FCUCZ13VGM3DLKOSH069T1300";60.000; 20448820.82 
AKOL.029.056;"OIL LEVEL GAUGE 4"" W/ CONTACT AXIAL MESSKO (MIN+30-MAX, D=102, M10-4, MTO-643S, IP55) w/ Analog Output 4-20mA+PX-056-COMB";10.000; 15684220.24 
AKOL.033.133;"OIL LEVEL GAUGE 8"" AXIAL W/ CONTACT CEDASPE (LOW 30 HIGH, PDC 160, M10-8, 2CT, IP55) IFG-FK2 w/ Analog Output 4-20mA Roller - TANK + PX-133-BAGB";20.000; 14029353.00 
AKOL.035.000;"OIL LEVEL GAUGE 8"" AXIAL W/ CONTACT  TAIJIN(DIAL 1 TO 9, PCD 160, M10-7, 2CT, IP66) TJD-0213-NS6";40.000; 7331855.05 
AKOL.035.001;"OIL LEVEL GAUGE 8"" AXIAL W/ CONTACT  TAIJIN(DIAL 1 TO 9, PCD 160, M10-7, 2CT, IP66) TJD-0213 A7 w/ 4-20mA";60.000; 15901220.66 
AKOL.035.225;"OIL LEVEL GAUGE 8"" AXIAL W/ CONTACT  TAIJIN(DIAL MIN-25-MAX, PCD 160, M10-7, 2CT, IP66) TJD-0213 A7 w/ 4-20mA + PX-225";10.000; 18972960.00 
AKOL.035.226;"OIL LEVEL GAUGE 8"" AXIAL W/ CONTACT  TAIJIN(DIAL MIN-25-MAX, PCD 160, M10-7, 2CT, IP66) TJD-0213 A7 w/ 4-20mA + PX-226";20.000; 18933906.67 
AKOL.122.000;"OIL LEVEL GAUGE 4"" RADIAL W/ CONTACT COMENDE (MIN+30-MAX,D=102, M10-4, MTO-STF160)";10.000; 10255883.52 
AKOL.129.031;MTO oil level indicator MTO-STF160V/TT/2CO Art. MTO-2FCJCF0DD2M3DLKOSC150B0184;20.000; 21867615.00 
AKOL.131.000;"OIL LEVEL GAUGE 4"" RADIAL W/ CONTACT CEDASPE (MIN-LOW,D=85, M6-4, FFM-A / LA10YON)";30.000; 3033360.00 
AKOL.131.002;"OIL LEVEL GAUGE 4"" RADIAL W/ CONTACT CEDASPE (MIN-LOW,PCD=190, M10-8, NFG-R2 )";20.000; 3175470.00 
AKOL.131.089;"OIL LEVEL GAUGE 4"" RADIAL W/ CONTACT MESSKO (MIN-LOW,D=85, M6-4, FFM-A / LA10YON) + PX-089-BCQG";30.000; 9052398.00 
AKOL.135.000;"OIL LEVEL GAUGE 8"" RADIAL W/ CONTACT TAIJIN (DIAL 1 TO 9, D:180, M10-7, 2CT, IP66) TJD-0212-N3 R400";10.000; 6295140.00 
AKOL.135.001;"OIL LEVEL GAUGE 8"" RADIAL W/ CONTACT TAIJIN (DIAL 1 TO 9, D:180, M10-7, 2CT, IP66) T-0212-A8 R400 w/ 4-20mA";20.000; 16092450.00 
AKOP.001.006;OIL PUMP KELVION Transformer PR 150/6 | 3 ph | 480 V | 60Hz;30.000; 84884400.00 
AKOP.101.002;Oil flow indicator flow rate 50-100 m3/h, pipe dim 150mm, TJD-0365, Taijin;30.000; 9145220.00 
AKPR.000.002;PRESSURE RELIEF DEVICE Qualitrol 201-020-08  5 psi;50.000; 43825.31 
AKPR.001.002;PRESSURE RELIEF DEVICE MPRD COMEM   80T 50kPA    9000Ltr (D2:160, D6:18-4) 2 Contact;20.000; 4498350.75 
AKPR.001.005;PRESSURE RELIEF DEVICE T50/ contact 50 kPA 3000 Ltr YOGYA with air vent (Drg. 4103001001);270.000; 1576106.74 
AKPR.001.101;PRESSURE RELIEF DEVICE T-6 w/ contact 41.18 - 68.6 kPA 35000 Ltr YOGYA no air vent (Drg. 42003250);10.000; 1708458.54 
AKPR.002.003;"PRESSURE RELIEF DEVICE 50 kPa - 2"" - WITHOUT BASE - PLN STDRD";60.000; 180000.00 
AKPR.003.000;MPrec Pressure Relief Device LMPRD-20psi  with directed oil flow (OD cover) 685-OM20VS2BPKM + MPREC FLAT mounting gasket viton;10.000; 15563912.57 
AKPR.003.001;PRESSURE RELIEF DEVICE LMPRD-8psi Messko MPreC  685-SM08VN1DSKM with standard cover;20.000; 8074319.72 
AKPR.003.002;MPrec Pressure Relief Device LMPRD-8psi Art. 685-OM08VN1BPKM with Flange Direct Oil Flow;10.000; 16198773.62 
AKPR.003.003;MPrec Pressure Relief Device LMPRD-20psi Art. 685-SM20VN1DSKM with standard cover;50.000; 8802450.00 
AKPR.003.004;MPrec Pressure Relief Device LMPRD-10psi;50.000; 24596570.02 
AKPR.005.001;PRESSURE RELIEF DEVICE TAIJIN 8 PSI TJD-0541- G01 stainless cover;60.000; 6196008.57 
AKPR.005.003;PRESSURE RELIEF DEVICE TAIJIN 8 PSI TJD-0510-P,G01 w/ Semaphore, Stainless cover;20.000; 5822148.73 
AKPR.006.001;"PRESSURE VACUUM BLEEDER QUALITROL (top/side, 3-12psi,1/4-18NPT) W/ GAUGE (4"",-10+10psi,1/2-18NPT)";10.000; 3842791.51 
AKPR.101.001;DMCR 3.0 PROTECTION RELAY w/o CONSERVATOR COUPLING;90.000; 2898198.00 
AKPR.101.003;DMCR 3.0 PROTECTION RELAY w/o CONSERVATOR COUPLING IP66 + PT 100;40.000; 4871988.00 
AKPR.102.002;RAPID RISE RELAY 900-025-061 CS-40740 (Vertical mount flange - Oil type) with TERMINAL BOX;120.000; 14000945.63 
AKPR.103.002;SUDDEN PRESSURE RELAY 910-006-03 QUALITROL(GAS FLANGE);10.000; 11538886.00 
AKPR.103.003;RAPID RISE RELAY 910-FLA-T-NO-STD (Vertical mount flange -  Gas type) with TERMINAL BOX;80.000; 13155306.67 
AKPR.103.004;SUDDEN PRESSURE RELAY 910-FLA-M-72-STD QUALITROL (HORIZONTAL/VERTICAL GAS FLANGE);10.000; 11578468.00 
AKPR.104.001;SEAL-IN  RELAY 909-300-02;110.000; 6342464.87 
AKPR.202.001;PRESSURE GAUGE TRANSMITTER 266HSH.H.S.T.T.7-I2 1.6-160kPa. AISI 316L 1/2-14 NPT male;30.000; 17000000.00 
AKPR.203.001;PRESSURE VACUUM GAUGE 050-35E;10.000; 1273280.00 
AKPR.203.002;PRESSURE VACUUM GAUGE 050-010-01;10.000; 1404974.76 
AKPR.401.003;PRESSURE / VACUUM  SWITCH, PVG-100/2C (AA)-B BACK MOUNT 1/2 BSP, CEDASPE;40.000; 2551474.73 
AKPS.220.024;POWER SUPPLY 220 VAC to  24 VDC 16.67A 400W;20.000; 195000.00 
AKSH.000.001;Cover heater;20.000; 10899.07 
AKSH.050.220;SPACE HEATER PNHT 50/100 50W 220-240 VAC (ACHT 50-230);300.000; 260000.00 
AKSH.200.221;SPACE HEATER PNHT 200W 220-240 VAC (ACHT 200-230);40.000; 600000.00 
AKTM.101.001;"OIL THERMOMETER AXIAL W/ CONTACT (-20-140, 1""BSP,8 MT, 4CT, W/O POCKET), stainless steel protection dia.4 mm";10.000; 8161893.00 
AKTM.101.003;MT-ST Pointer Thermometer (4-20mA) Oil Temperature MT-ST160SK/TT/4/10m Art. 635-PC1AA1AE10S4SB1100KA W/ANALOG OUTPUT;40.000; 12723635.00 
AKTM.101.005;"OIL THERMOMETER AXIAL W/ CONTACT (0-120,1/2""BSP, 2MT, 2CT : 2NO ONLY , W/ POCKET) TESS Y-100 CEDASPE";30.000; 1822113.50 
AKTM.102.005;"OIL THERMOMETER AXIAL W/ 2 NO CONTACT  - 5M, -20 to 120 Celcius, bulb PK, TE15SS5YOP"" CEDASPE";30.000; 4248402.92 
AKTM.103.036;"OIL THERMOMETER W/ CONTACT (0-150, 1""BSP, 8MT, 4CT) MESSKO BeTech";30.000; 11287745.00 
AKTM.103.037;"OIL THERMOMETER AXIAL W/ CONTACT (-20-120 1""BSP 4MT 4CT W/O POCKET)  - MESSKO BeTech";10.000; 8149009.91 
AKTM.103.042;"OIL THERMOMETER W/ CONTACT (0-150, 1""BSP, 8MT, 4CT, 4-20mA) MESSKO BeTech";10.000; 21044474.25 
AKTM.201.004;MT-ST Pointer Thermometer Compact Winding Temperature MT-ST160WR/TT/4/10m Art. 635-SC1BA1AE10S4SB1100KA  W/ANALOG OUTPUT;90.000; 15013040.54 
AKTM.201.018;"WINDING THERMOMETER AXIAL W/ CONTACT (0-150 1"" BSP/G1B 8MT 4CT W/O POCKET) 35/Gen3 4-20mA - QUALITROL";10.000; 29440800.00 
AKTM.202.001;"WINDING THERMOMETER AXIAL W/ CONTACT (-20-130 1"" BSP/G1B 4 MT 4CT W/O POCKET),MESSKO BeTech";30.000; 10747955.11 
AKTM.203.001;"WINDING THERMOMETER W/ CONTACT (0-160, 1""BSP, 8MT, 4CT, W/O POCKET), stainless steel protection dia.4 mm";10.000; 9636155.52 
AKTM.203.017;"WINDING THERMOMETER W/ CONTACT (0-150, 1""BSP, 8MT, 4CT, CURRENT=2A, 4-20mA ) MESSKO BeTech";20.000; 24867893.25 
AKTM.203.020;"WINDING THERMOMETER W/ CONTACT (0-150, 1""BSP, 8MT, 4CT, CURRENT=2A ) MESSKO BeTech";50.000; 14986143.73 
AKTM.203.027;"WINDING THERMOMETER W/ CONTACT (0-150, 1""BSP, 8MT, 4CT, CURRENT=2A, 4-20mA) MESSKO BeTech";10.000; 23405076.00 
AKTM.302.002;THERMAL WINDOW  IRISS VPT-100 type bulat;60.000; 7433379.16 
AKTM.302.003;THERMAL WINDOW LXCW-100A;240.000; 4265184.39 
AKTM.302.004;IRISS CAP-CT-24 IR WINDOW;90.000; 17000000.00 
AKTO.001.003;MOTOR CIRCUIT BREAKER GV2 ME03 (0.25-0.4A);30.000; 335035.13 
AKTO.001.004;MOTOR CIRCUIT BREAKER GV2 ME04 (0.4-0.65A);20.000; 390500.00 
AKTO.001.005;MOTOR CIRCUIT BREAKER GV2 ME05 (0.63-1.0A);150.000; 390500.00 
AKTO.001.006;MOTOR CIRCUIT BREAKER GV2 ME06 (1.0-1.6A);190.000; 405234.92 
AKTO.001.007;MOTOR CIRCUIT BREAKER GV2 ME07 (1.6-2.5A);240.000; 445036.27 
AKTO.001.008;MOTOR CIRCUIT BREAKER GV2 ME08 (2.5-4.0A);110.000; 434400.00 
AKTO.001.016;MOTOR CIRCUIT BREAKER GV2ME10  (4-6.3A);50.000; 456119.82 
AKTO.100.011;MOTOR CIRCUIT BREAKER Aux.  GV AE11;280.000; 102493.93 
AKTS.000.004;THERMOSTAT KT 01146.9-00.1N/C;340.000; 205000.00 
AKTS.000.005;THERMOSTAT N/O For Fan (Biru)P;160.000; 205000.00 
AKVB.101.001;JUMPER TERMINAL BLOK TB-25, 12 POLES, 4MM, 25A;740.000; 8500.00 
AKVB.106.020;TERMINAL BLOK 6POLE 20A;10.000; 16500.00 
AKVB.112.025;TERMINAL BLOK 12POLE 20A;90.000; 35000.00 
AKVB.112.031;TERMINAL BLOK EB27B-12-SC 12Poles 30A 600V GE;10.000; 2308734.65 
AKVB.205.020;TERMINAL MARKING ZB-6 No.11-20, Phoenix;60.000; 6900.00 
AKVB.206.010;TERMINAL MARKING ZB-6 No.1-10, DEGSON;950.000; 7479.00 
AKVB.206.020;TERMINAL MARKING ZB-6 No.11-20, DEGSON;340.000; 7479.00 
AKVB.206.030;TERMINAL MARKING ZB-6 No.21-30, DEGSON;60.000; 7479.00 
AKVB.207.030;TERMINAL MARKING ZB-8 No.21-30, DEGSON;580.000; 7680.00 
AKVB.207.050;TERMINAL MARKING ZB-8 No.41-50, DEGSON;60.000; 7680.00 
AKVB.208.010;TERMINAL MARKING ZB-8 QR   1-10;260.000; 8069.49 
AKVB.208.030;TERMINAL MARKING ZB-8 QR 21-30;50.000; 7920.56 
AKVB.208.040;TERMINAL MARKING ZB-8 QR 31-40;50.000; 8390.70 
AKVB.208.060;TERMINAL MARKING ZB-8 QR 51-60;270.000; 8707.56 
AKVB.208.102;TERMINAL MARKING ZB-8 QR:N;20.000; 8803.46 
AKVB.208.103;TERMINAL MARKING ZB-8 QR:PE;10.000; 7480.77 
AKVB.208.501;TERMINAL MARKING ZB-8 QR:L1,L2,L3,L+,L-;20.000; 9182.13 
AKVB.210.002;TERMINAL MARKING ZB-10 No. N, DEGSON;20.000; 7479.00 
AKVB.210.050;TERMINAL MARKING ZB-10 No.41-50, DEGSON;100.000; 7479.00 
AKVB.303.087;TERMINAL URTK/S - 0311087 - Phoenix;100.000; 24150.00 
AKVB.304.524;TERMINAL UK 6N 3004524-Phoenix;500.000; 7775.02 
AKVB.304.525;TERMINAL UK 10N-Phoenix;1.380.000; 12773.33 
AKVB.304.535;Bolt connection terminal block - RBO 12 - 3244627;60.000; 218328.00 
AKVB.307.004;Terminal Block Degson 4mm PC4;2.080.000; 5897.73 
AKVB.307.005;Knife disconnect PCMT4;500.000; 18000.00 
AKVB.307.007;CT Terminal Block PCTK6, DEGSON;250.000; 39589.00 
AKVB.307.010;Terminal Block 10.0mm PC 10, DEGSON;600.000; 11709.00 
AKVB.404.001;End Cover For PC D-PC2.5, DEGSON;2.460.000; 3180.00 
AKVB.404.005;Terminal Group Marker DLM2, DEGSON;470.000; 7885.00 
AKVB.410.171;JUMPER FOR TERMINAL FB 10- RTK/S - 0311171 - Phoenix;40.000; 50200.00 
AKVB.410.534;JUMPER ISSBI 10-8-0301534-Phoenix;370.000; 65407.97 
AKVB.410.535;JUMPER FBI-10-8-Phoenix;190.000; 23200.00 
AKVB.411.105;Fixed Bridge 10P for CT Terminal  FB10-RTK/S, DEGSON;30.000; 39401.00 
AKVB.411.106;Fixed Bridge 10P for Terminal 6mm FBI10-8, DEGSON;50.000; 46918.86 
AKVB.411.110;Fixed Bridge 10P for Terminal 10mm FBI10-10, DEGSON;10.000; 49444.00 
AKVB.412.110;Insertion Bridge 10P for PCMT4;100.000; 31329.00 
AKVB.420.035;END BRACKET CLIPFIX 35;900.000; 3500.00 
AKVB.450.560;END CAP - NS35/7.5 CAP-1206560-Phoenix;200.000; 4600.00 
AKVB.460.001;ACRILIC COVER  (@1M);310.000; 316375.98 
AKVB.470.020;END COVER - D-UK/10-3003020-Phoenix;2.460.000; 2700.00 
AKVB.500.010;HINGE cover profile;470.000; 61000.00 
AKVB.610.010;CABLE SPIRAL WRAPPING KS-10 wrapping range 7.5-30 MM;1.050.000; 18141.99 
AKVB.610.019;CABLE SPIRAL WRAPPING KS-19 wrapping range 15-100 mm;430.000; 54830.63 
AKVL.200.050;THROTTLE VALVE DN50-St37+NBR - CEDASPE;180.000; 1226876.67 
AKVL.200.081;THROTTLE VALVE DN80 (L35, D200, PCD160/M16-8) - ST37 +NBR - CEDASPE;240.000; 2281080.00 
AKVL.200.100;THROTTLE VALVE JU Z 100 (L35, D220, PCD180/M16-8) - CEDASPE;80.000; 4499030.00 
AKVL.200.150;THROTTLE VALVE JU Z 150 (L40, D285, PCD240/M20-8) - CEDASPE;100.000; 6172251.20 
AKVL.200.200;THROTTLE VALVE JU Z 200 (L40, D340, PCD295/M20-8) AVRA200JUD.V - CEDASPE;110.000; 9477746.36 
AKVL.201.080;THROTTLE VALVE FOR RADIATOR TW - 80 + Viton Oring - CEDASPE;70.000; 1085130.80 
AKVL.201.081;THROTTLE VALVE FOR RADIATOR A160 DIA 80 - GG VALVES;2.240.000; 713135.79 
AKVL.203.080;THROTTLE VALVE TW80-B - SS316 + Viton Oring - CEDASPE;1.940.000; 1924133.81 
AKVL.203.200;THROTTLE VALVE JU Z 200 - SS316 + Viton Oring - CEDASPE;40.000; 22575490.00 
AKVL.204.080;THROTTLE VALVE NW80 DIN42560 Form B with Locking Cap + Viton Oring - ARES;740.000; 715251.68 
AKVL.300.100;CHECK VALVE Wafer type DN100 PN16-hinged disc-stainless steel;40.000; 1385000.00 
